,A,B,C,D
2000-01-01,0.21995097125081467,3.5609167964482533,0.15426393407571234,-1.459604321965192
2000-01-02,-0.8214141010419541,2.9728701285411683,0.13923203977074314,-1.1234087649472522
2000-01-03,-1.669036571351761,2.6238554695120118,-0.2209086447857264,-2.557193022375187
2000-01-04,-1.9154664860128938,3.111687132862086,-0.8427231083658657,-3.378509767335628
2000-01-05,-1.478894466902369,2.2952248545082568,-2.688716284436129,-3.9417032326864527
2000-01-06,0.11316328840926859,4.488448675594512,-1.9330043003633635,-4.592783623920607
2000-01-07,0.616739847899985,5.934025659392794,-1.6977554462601376,-5.499077389170209
2000-01-08,1.3849442775229153,5.972202401991264,-2.1275348469446773,-4.79374316441532
2000-01-09,0.7979567571108804,6.781466044730655,-2.9183536391190033,-6.518206642792514
2000-01-10,-0.6971593487600188,8.056502753624784,-4.1555296579129495,-6.5370339443647065
2000-01-11,-1.8787902691679363,8.0646474792881,-4.4043191876944645,-6.302527818848188
2000-01-12,-2.8864469084643787,7.432842896572791,-4.226346940502162,-5.381435869516706
2000-01-13,-3.6225794117161803,6.019125183139492,-3.976790434267465,-5.146627898784177
2000-01-14,-4.907532982601422,5.21160324848805,-3.7376088599361306,-6.226252643202957
2000-01-15,-5.384061586060267,3.734399361556581,-2.867441202116813,-6.018889850007332
2000-01-16,-4.834368160912276,3.5869839880198158,-3.0021506343664797,-5.195058329350042
2000-01-17,-3.2596920943517573,2.4663150793184663,-3.3575626105167125,-4.943139130236649
2000-01-18,-4.512947935593109,2.3727050668387135,-4.62089583356606,-5.84083225210782
2000-01-19,-2.0515543686639033,2.5503814749364597,-3.710324909948621,-5.504540024351891
2000-01-20,-0.9135546130911045,1.5580241872733136,-3.5514661015972058,-5.093735852216409
2000-01-21,-1.7445378713348778,2.2589282971170825,-4.547700002684804,-4.465882447403688
2000-01-22,-1.8500950138656866,1.1203009348848116,-5.621599634383538,-4.618683651003745
2000-01-23,-2.1830580866438933,1.2730745801365932,-4.769406987472523,-4.964361345167366
2000-01-24,0.473197175594692,2.032644649278114,-5.689926897818761,-3.961043766898337
2000-01-25,2.0463369043362087,0.6278083273349793,-5.238724130982086,-4.930241250210439
2000-01-26,0.986486960819732,1.8667853721146723,-6.595924166810953,-5.02641726002142
2000-01-27,-0.27174711398323104,2.4291166995936835,-5.7492390200374865,-5.411264861822725
2000-01-28,0.0833757513203568,3.7359521040078834,-4.134530974826987,-7.02832218294635
2000-01-29,-0.3351493112280301,3.1404212792770814,-3.6730985950561523,-7.342871554357583
2000-01-30,-0.5953395484285883,2.5195880999926885,-4.430186018775322,-7.134407806563107
2000-01-31,-1.6157955292475772,1.9204949341558,-5.517233193459832,-5.898739289030453
2000-02-01,-0.771428289306291,1.1852802670531675,-7.018088787190935,-6.345599645113208
2000-02-02,-1.4355661578542247,1.5496167945733752,-6.269087403094803,-5.069891538198272
2000-02-03,-0.9314729721359104,2.3237721834888783,-7.359801435337586,-4.8330914368051445
2000-02-04,-1.132057088066179,2.2798375941153566,-7.852132404228321,-3.7674090971201135
2000-02-05,-1.197479712380606,2.132061634299331,-7.646619909560566,-5.079871490892831
2000-02-06,-2.2151668595168768,2.354894605423434,-6.224254520529458,-3.685762834316284
2000-02-07,-1.8956909125566919,1.5540729625975542,-5.50256403913901,-3.5229823167458765
2000-02-08,0.05696144366880551,1.0516419298783908,-5.772810769369553,-4.180103358669723
2000-02-09,-0.5665806936505463,0.6384469326415427,-4.6559283259937825,-6.529192933216981
2000-02-10,-1.7142840558892352,1.3161104569905326,-5.07022991462514,-5.8150355606046595
2000-02-11,-1.9557156824450888,3.122785897036997,-4.611496191081277,-5.5435021150980575
2000-02-12,-2.3400069377310233,2.0985287922499167,-5.189190098205558,-5.806589855042045
2000-02-13,-3.081204683041652,1.6701046790444982,-5.128740519417881,-7.264766300857885
2000-02-14,-3.890593917945346,0.9234093805454707,-6.459323040139834,-8.80314927241778
2000-02-15,-5.389213444558581,1.212858784354998,-5.96731740145356,-9.144086735466253
2000-02-16,-5.792871839814857,1.748301169022719,-5.760302095005989,-9.651770906033919
2000-02-17,-4.663826742241245,1.2707856649285414,-5.0236003639002496,-8.806125390679702
2000-02-18,-5.33357222357578,1.2810777027286657,-4.565611304060984,-9.305642028674175
2000-02-19,-6.766413950878331,-1.0577679224673329,-4.805804789007985,-9.454073670677117
2000-02-20,-7.808769936957165,-1.1796362721138696,-3.8024623245148588,-10.12648788692837
2000-02-21,-7.273991136050475,-1.357408268467912,-4.453848090622474,-10.6968321072757
2000-02-22,-6.049005096333457,-0.3932209613763925,-3.2869183618352964,-10.435825466147909
2000-02-23,-5.856054900797879,-1.1411237303795323,-3.5157796022368717,-10.776154820875487
2000-02-24,-7.061672179231447,-1.0263596379086104,-4.440874072895509,-11.080045280570396
2000-02-25,-6.86214358739196,-1.9800685646451919,-4.730758495180115,-10.815988497269645
2000-02-26,-4.8303499897495925,-1.232786413046668,-3.737788102084842,-12.722479338577033
2000-02-27,-3.583153129818107,-1.2807307113521846,-2.758448671930519,-10.939338271138617
2000-02-28,-3.103130326064429,-3.128357862388066,-2.616725507172039,-12.219374496529786
2000-02-29,-2.533092079150492,-2.1223166146231724,-3.2223327926277245,-12.914989923806473
2000-03-01,-2.2767437751018473,-3.677251768272286,-5.2366317956773845,-13.423393848467978
2000-03-02,-0.7187949064320021,-5.137022831276709,-6.456037950978773,-12.760561320970732
2000-03-03,-1.0726203335217859,-3.376033495737669,-5.423166165372814,-14.014449168711996
2000-03-04,-0.8104360411313474,-3.7126625263096082,-5.157461854089661,-13.529532848592922
2000-03-05,-0.8800378772819337,-3.798048430767124,-5.460482720856023,-13.472282909033147
2000-03-06,-0.03899065890841891,-3.555381760705179,-3.1692243918513383,-14.350073270760292
2000-03-07,0.7916808937221412,-5.205544449739841,-2.783930407069443,-13.197428340492568
2000-03-08,1.4183648267040836,-5.73403981300537,-3.0860433688898428,-13.489488448288174
2000-03-09,2.2993353127778655,-5.648799640727092,-3.084035854809222,-13.523349687790573
2000-03-10,3.0268536390007728,-7.610802645949053,-1.8998607900938083,-11.427365349725015
2000-03-11,3.0283662379963134,-7.0058801333114324,-2.3633123176251307,-11.779266002390868
2000-03-12,5.296885220509203,-7.816950375434606,-1.688224022513272,-12.452961826874715
2000-03-13,4.9102261718505735,-8.077079744836665,-1.7370425864939707,-12.232955210114897
2000-03-14,4.165966481416896,-9.5777975580685,-1.7030825331219248,-12.016388593566475
2000-03-15,6.386502355559152,-8.812713285334878,-0.015396120522118029,-12.014764571933434
2000-03-16,5.213686623403784,-7.918312691214107,0.6633193057240707,-13.76287322975726
2000-03-17,4.955000423708895,-7.205040924612157,1.6145325822888217,-15.117055120447864
2000-03-18,4.34460599682142,-4.773813668495649,1.1666392063332787,-16.849558675875514
2000-03-19,7.347135875694583,-6.160093090010362,0.1475026726445694,-18.44830174223207
2000-03-20,6.876904590576033,-6.792149772644049,0.6868331774181788,-17.413828421025293
2000-03-21,6.439179595977114,-7.3392221418771415,0.6570734564672404,-18.713533591355684
2000-03-22,6.953831966021735,-6.198302123523251,1.620043890555261,-19.26430962311828
2000-03-23,7.284667320117179,-7.969444191353345,1.428176181722342,-20.92099748196802
2000-03-24,8.143210927080151,-8.597246190497293,2.256233147973079,-19.19284476673985
2000-03-25,8.186254560107184,-8.781758101687464,2.9621324144900294,-18.8594133358811
2000-03-26,9.840486585967565,-7.8153551668741414,3.076786162778212,-18.795236900164145
2000-03-27,9.464955999678553,-6.744353684098446,2.6296866939835972,-18.01956636393953
2000-03-28,9.684998196845527,-6.271949343772476,3.9545687108871714,-17.519801064838774
2000-03-29,9.0767085078896,-5.833881845129472,3.132659617155846,-18.85559870611264
2000-03-30,7.883967456785787,-3.4152702933292445,2.3639251081652017,-17.62411899462077
2000-03-31,7.030335888447229,-2.763250935079951,1.3423290571883233,-18.27426823188444
2000-04-01,6.96044449777274,-2.252182274082676,2.9683722637657466,-18.81943299928933
2000-04-02,6.287992698279989,-3.1808582696858956,2.607573609543822,-19.51423067892662
2000-04-03,5.521717726241821,-3.220302881814849,2.8472522343605915,-19.411908031023682
2000-04-04,4.508459840251672,-2.49761012467775,3.319077930155357,-19.428307598749747
2000-04-05,6.363445031172256,-2.4109878885841667,4.217909278866529,-19.212866523395974
2000-04-06,7.388011772091195,-0.736183596063424,4.92563803364749,-18.29515052872452
2000-04-07,6.8528674495853785,-0.4987287226468107,2.9409661779699383,-17.94952956902883
2000-04-08,6.181600036035085,2.0785689850274567,2.070367605044,-17.453079576453167
2000-04-09,9.580950058872794,1.9129154284218448,2.803868978852275,-19.44322525469509
2000-04-10,9.590765218801293,1.7407702704226553,3.082832989643251,-20.123140301141355
2000-04-11,9.790217962398918,3.283218152721557,4.2141712312920365,-20.24394844113164
2000-04-12,9.343831956369067,2.5017485818795366,3.365134505036563,-22.196625377984173
2000-04-13,9.07377621812987,1.5600809325888654,4.134935109014732,-20.988586319597378
2000-04-14,7.983419116179563,-0.13992847282054188,2.6550879782274617,-19.46749091083007
2000-04-15,7.433702123362934,-0.9656457794039753,2.7333550639024025,-20.375038108535367
2000-04-16,7.364333533841341,0.008202095000980902,5.446426876268651,-18.432161033773742
2000-04-17,4.878028406066011,-2.0238668637394337,4.724836013951384,-19.340227433675775
2000-04-18,4.792475057061511,-1.6461916251866118,3.5936308559929797,-17.87937688162938
2000-04-19,5.58351954380511,-2.150624245680481,4.946208996110175,-19.203787934802982
2000-04-20,6.463934593380256,-1.7691655870020997,4.89585975936568,-18.31416004075439
2000-04-21,6.471888092026487,-1.0028917963803723,6.035240795145669,-17.43627960149664
2000-04-22,5.623093722808145,-0.6255130396921378,7.517278097733694,-17.656691502711595
2000-04-23,5.441695034947734,-0.24226068686933805,7.16412086047142,-16.684401710505988
2000-04-24,4.3470291684958,-0.41107066983223833,7.56236068946991,-16.49008569995506
2000-04-25,3.0043020109195124,-1.426498121908423,6.8998399962215435,-16.478930313383692
2000-04-26,1.6160867739207392,-2.226748827351897,6.915567714990585,-16.288737763589722
2000-04-27,1.6218843453076695,-0.9179956664842475,7.294356459694359,-15.625545108225221
2000-04-28,-0.14071338705309788,-0.36670294374159784,6.800741926044563,-15.055500476555085
2000-04-29,-0.836404381612379,-1.726942524109866,6.88714512190366,-14.4638682070605
2000-04-30,-1.3661607158962954,-2.066884174692805,8.739185241741197,-15.344612937846598
2000-05-01,-1.2133521591982177,-2.977213533579616,9.813053256794063,-15.381679015957852
2000-05-02,-2.617140596581229,-4.246763498932003,8.78571191477269,-13.981584947886121
2000-05-03,-2.865090317789281,-3.5553875290329646,7.839667309775724,-13.766851273676563
2000-05-04,-2.43584659393575,-3.927344951282652,7.712839050369732,-14.2856522110972
2000-05-05,-1.1647369049251903,-4.079280262863832,7.138757748884422,-13.987402366990887
2000-05-06,-1.975667037731865,-4.059273660817004,7.5807314897487625,-14.15103870609505
2000-05-07,-2.9739700428844698,-4.392521522290102,5.841534245876016,-13.989107681631596
2000-05-08,-1.7238447140606519,-6.4652650426050124,5.886712206355031,-14.55494683075103
2000-05-09,-2.2367076716178076,-6.534066324043471,5.800315142145125,-12.926493977472463
2000-05-10,-1.5073483526463645,-4.385556224317604,5.39931406354707,-13.93627565932241
2000-05-11,-1.6913915134694013,-4.345754983073389,5.85089566187773,-13.901573727844463
2000-05-12,-1.1478847420815121,-4.429625228751676,5.5081293858948195,-13.370633986967661
2000-05-13,0.42152439163460054,-5.030867949799488,6.577991785979533,-12.961084252046746
2000-05-14,-0.666681295476869,-5.106599514459507,6.153538939885691,-13.880290043505925
2000-05-15,-0.36783000868297405,-4.17744780973823,5.12789669298429,-14.655705605799692
2000-05-16,-0.24809966461609034,-2.828283870955376,3.9210287930830434,-14.497139907156669
2000-05-17,-1.5243254007408158,-3.623146958443834,4.269180978171861,-13.693621165990738
2000-05-18,-1.0968899039939823,-2.282682295711661,4.068359414766119,-12.2664302287772
2000-05-19,-1.3358268385244092,-2.590396410781255,2.719558701096865,-11.038541037293584
2000-05-20,-2.3558528700219,-3.1075907162084326,3.827304898886419,-9.817044488200263
2000-05-21,-2.264904043307583,-2.390446019007664,4.59177274509714,-10.239486443673599
2000-05-22,-1.555753497390492,-2.385738755765972,3.7206490895461872,-10.71726209265577
2000-05-23,-1.6254179911142093,-0.08717782286520404,3.6645610551307795,-8.403221698883424
2000-05-24,-1.4361458144737902,0.20206183385918908,4.793344278574995,-7.409423125892869
2000-05-25,-1.16193260936189,-1.651927449254575,3.996328258079118,-6.158052301365176
2000-05-26,-2.8176176274197635,-3.236867437643705,5.117708019006408,-6.155223490457622
2000-05-27,-2.0134606362987664,-2.1392609384070056,2.7216615816843244,-5.453527916882545
2000-05-28,-2.232603172860472,-2.5943087210567657,2.6692393688710876,-6.079609916268467
2000-05-29,-2.460515212112563,-3.1604272923897034,2.2319806849521826,-6.5844113722219895
2000-05-30,-1.644159427619299,-3.535914601615271,3.2511138316721873,-6.453476212621351
2000-05-31,-0.010461788715078413,-4.297100142532329,2.2585665609039327,-5.837128233214104
2000-06-01,1.093254559548258,-4.066340901949984,1.820498033905971,-4.149349607142272
2000-06-02,0.45590183232782766,-3.1637792076058555,0.3984746709707163,-6.555275157603684
2000-06-03,-0.5904878361677888,-3.728573115105155,0.14832485605489226,-7.15112632980321
2000-06-04,-1.498401193304303,-2.3652555551565073,0.3768813030012633,-7.85155037714922
2000-06-05,-1.9575640217179222,-2.3192352637092335,0.3636131394613038,-7.460660942980133
2000-06-06,-2.354218509875822,-2.250513465243963,0.6815123012910704,-6.7916525084500154
2000-06-07,-2.0034405859080016,-1.4593955520202562,1.3899304861151676,-6.356925591501207
2000-06-08,-3.406733647444286,-3.1144786311994253,-0.19259318136499348,-8.260193647768519
2000-06-09,-3.809201638331346,-2.277700059303638,-0.04837565435834559,-8.264737258594025
2000-06-10,-2.2515090357608254,-0.41537116722474043,-0.19479568609318285,-8.127378450450564
2000-06-11,-1.8348894956294077,-0.8073957576145603,0.38120334566700587,-8.773385232903923
2000-06-12,-1.076680601972189,-0.5233110973113007,0.5903318089466675,-8.048455341187235
2000-06-13,-0.018175613120219314,-1.7228229692462182,1.7803127282776279,-8.774727294905437
2000-06-14,0.47173654289799744,-1.8334338592320907,1.7161912525123624,-7.664122785233013
2000-06-15,-0.42467398271267515,-2.462782960571505,2.139002842090251,-6.509539879804885
2000-06-16,-0.7329489152552227,-2.0811181736446183,1.1600836864739545,-8.187955403053762
2000-06-17,-1.9267054293706565,-2.1885049228323,1.4436953456648602,-8.52928600212908
2000-06-18,-1.7892254517253028,-2.783349894664598,0.37577790865592164,-8.344698608301188
2000-06-19,-1.8835897243661326,-2.436152152445856,-0.5452838117124793,-10.852622790057218
2000-06-20,-2.4790091126659624,-1.6628624343143592,-0.2251509652849336,-11.053048291519067
2000-06-21,-2.3111936995889053,-1.6867087694986687,-1.636846609090858,-12.055202829866811
2000-06-22,-1.054425497599687,-2.6849813483387592,-1.1262983311593082,-11.776551322246672
2000-06-23,-0.7938748706470216,-3.0518340557898376,-1.0778359400950277,-11.710552574528126
2000-06-24,0.9326859456688419,-3.127639027155655,-1.6243005433158355,-11.68499766670718
2000-06-25,0.23120786735216903,-2.3339461798819734,-1.1520048360300836,-11.50599319662355
2000-06-26,-0.5447222898148026,-1.9189711075278555,-1.6771453502645515,-11.556023027984851
2000-06-27,-1.7162546512440557,-2.82785091742179,-3.104836820666058,-11.691243126736547
2000-06-28,-1.5482328868583204,-2.765134699581876,-3.0771841655955576,-11.977583348015006
2000-06-29,-2.826264739634552,-2.7507037806064747,-2.285337595334725,-10.323001762556162
2000-06-30,-0.8659879073552863,-3.385705989116335,-2.3179810266512124,-9.396839071839752
2000-07-01,1.3453925706807854,-2.1273066115311483,-1.5479375322986444,-9.826390196302963
2000-07-02,1.8680296517961286,-2.6343198206724567,-3.171781315978441,-9.261377490427531
2000-07-03,1.340277260248547,-2.6556349309120337,-3.62059268844883,-8.422825563298028
2000-07-04,-0.5960825020407359,-1.829482372724092,-3.423362131810783,-8.099093899853486
2000-07-05,-1.912770474034523,-0.6817050453509939,-4.816373084261129,-9.397114519426365
2000-07-06,-2.564511365985762,-0.9291661979404431,-4.774447505058284,-10.242499102517321
2000-07-07,-2.6569347217903143,-0.27108564606519125,-4.550839854819934,-11.161878719326255
2000-07-08,-1.1613257118906848,-0.6348198962166403,-2.8517664676533427,-10.641246492493243
2000-07-09,-0.8861059158986186,-0.4373693503185574,-3.490887042920865,-9.749515934633264
2000-07-10,-1.5330088394563304,-0.030997592776425997,-1.9595348382613746,-8.973423320166035
2000-07-11,-0.5737212066264666,-0.4801007282291011,-1.252250831458566,-8.778017288224223
2000-07-12,-1.3058609804236216,-0.025389490105095502,-2.782182504332127,-8.974217725017846
2000-07-13,-1.277670494289056,-0.22301111325225564,-1.6258000828206731,-9.191459565340256
2000-07-14,-1.9891571318523176,0.11095310376389633,-1.6794052545641787,-9.09137492582543
2000-07-15,-0.9251612169676366,0.13591586796727012,-0.6790850560396713,-9.264287745816615
2000-07-16,-1.018964133452611,-0.5237536079702358,-1.2236968474398566,-10.612516932427944
2000-07-17,-0.9806171250397678,-1.6451785384727475,-1.2355785618162998,-10.99193689657628
2000-07-18,-1.3560407023995045,-0.4918907708624318,-0.6842318198469419,-11.47335570506732
2000-07-19,-1.9786149577742678,0.4857903041988,-1.7270924787059392,-11.629799284615402
2000-07-20,-2.6447929807864012,0.9649661530442916,-1.5430134966858684,-11.678799060946785
2000-07-21,-4.5261880946810535,-0.42513910684423795,-1.09021026708904,-9.013962060069902
2000-07-22,-3.173700835434726,-0.9425386998266932,-1.2222365441329421,-11.161206614292496
2000-07-23,-2.626525365848928,-2.2201756307491576,-3.171085291994699,-11.509901160843357
2000-07-24,-3.229571288605961,-1.8903655221691245,-3.4756758823749365,-9.690288097461416
2000-07-25,-1.456061391566305,-1.6061712098897354,-2.6212780224819734,-10.607322083480955
2000-07-26,-0.9329710828789823,-0.9411472469390346,-1.7342277246263522,-10.206601033670895
2000-07-27,-0.6101128971051479,-2.3862024713714614,-0.837890237594434,-11.012140533858133
2000-07-28,-1.0406719777857119,-1.7173119836387851,-0.7520199832318706,-10.781851972796758
2000-07-29,-0.7206063290201491,-1.5494061382395425,-1.5009953488959917,-10.145804307832137
2000-07-30,0.049070684027154865,-1.6939265636680487,-1.3550923741332412,-11.145475043227295
2000-07-31,0.07816510907908901,-1.1796740123444631,-1.2855954607420648,-11.50135886769497
2000-08-01,-0.020806068683794296,-1.6895124422528793,-0.8244285118536527,-12.256516935019762
2000-08-02,-0.2422016097342401,-2.602572054457086,-0.21573983830611942,-11.502401312236177
2000-08-03,0.9470932771595189,-2.5470618277364,-0.39049134063568225,-10.823929019805583
2000-08-04,1.4558023617969573,-2.1849621438550537,-1.7015561813200273,-12.230625530674644
2000-08-05,1.6999944682497625,-1.7551890402614982,-2.314707331978494,-12.643774697786558
2000-08-06,1.5422934791858651,-3.9482484013309933,-3.3832637750529475,-13.777483943226102
2000-08-07,3.264744862318521,-3.182164447043716,-3.3194305549586143,-14.516822820374777
2000-08-08,2.5519239459882974,-4.580162921823542,-4.766647926416217,-13.443622250038437
2000-08-09,1.9821775815412352,-4.261757488119134,-5.280390945618913,-12.825491936529005
2000-08-10,2.3900387828863634,-3.8177569594835465,-4.86870980168565,-11.488794974903659
2000-08-11,1.8418964161517877,-4.992420754430855,-5.20655620406853,-12.008503204718869
2000-08-12,1.7321672984714775,-5.695615886227658,-5.289738951595205,-11.93983262351449
2000-08-13,0.9634824868428626,-7.04749360899753,-4.710225994602103,-12.46087631917242
2000-08-14,1.699006775667058,-6.731245458370671,-3.4730390377509774,-11.82223118575488
2000-08-15,1.5612228325466633,-6.808407774452114,-1.8757142795112918,-12.809698601844824
2000-08-16,2.984484796426877,-7.717675569248159,-0.8574761148277359,-13.801813117583036
2000-08-17,4.905134354840509,-7.197532589004284,-0.856876655824971,-13.492198952610744
2000-08-18,4.783839050832671,-6.120353224310602,0.09984570570074214,-10.966753833469205
2000-08-19,4.567645186630789,-6.6223260952519905,-1.3939455031657544,-12.428823309703827
2000-08-20,5.220769964905084,-8.205629782787895,-0.5197361779285399,-12.914103763993296
2000-08-21,2.922124956192821,-9.21344447703312,-1.7665164044329278,-13.39512539428009
2000-08-22,2.3585236452752936,-9.236723088105165,-1.188987409250547,-13.935291572522493
2000-08-23,2.321603674884881,-8.675883231147944,0.10725197328712599,-13.725314980505921
2000-08-24,3.2861163091605077,-9.590548149052218,-0.13827647286694375,-12.710870303910765
2000-08-25,1.1123097875967227,-8.07554997887255,2.18879477012386,-11.76936931570728
2000-08-26,0.9244435009933719,-6.463943781921023,2.9351910840630873,-13.081590592458898
2000-08-27,0.3676769191958458,-6.76392346371031,2.53182356258894,-13.39047418841223
2000-08-28,1.0187892471169258,-8.548767925851248,3.1629218934260606,-13.57996258462407
2000-08-29,0.7447232741607028,-9.727404142823845,3.80161843586104,-13.420241941522944
2000-08-30,1.823098173180839,-10.919063838780575,2.833697846504484,-12.652394053703906
2000-08-31,0.4596909705897676,-11.609076366307637,3.4143491869138862,-12.909198284128253
2000-09-01,0.20972458926587137,-11.79325250493409,2.4905367546498147,-12.47716223748098
2000-09-02,1.4384189386103223,-9.889275494288011,1.0084464172208354,-13.385741039045893
2000-09-03,0.7286490548285052,-8.707965985716926,1.8552328316272026,-12.807684590151675
2000-09-04,0.5024056362153853,-7.554439029026664,3.5517859643045284,-12.417211856343652
2000-09-05,0.06415981954932665,-7.295817292404587,1.8320988765888422,-10.939921954899456
2000-09-06,-1.0947975717736986,-7.266673692456512,2.367238670054074,-10.725582477731598
2000-09-07,-0.5798356863089346,-6.844549077908289,3.0888342400771265,-10.016002362047804
2000-09-08,-0.5641126007092627,-6.006758705216521,1.1248349673206788,-8.262092470158823
2000-09-09,0.223337659896096,-3.958596926258271,-0.025550901871625342,-10.026598616235878
2000-09-10,2.5501615880284563,-3.602581332969792,-1.120143050883095,-9.12052645484155
2000-09-11,1.6784803461392968,-3.22466781303665,-0.404948573358462,-7.848629304331808
2000-09-12,0.7515862147069363,-2.229456526430559,0.21690586365280107,-8.78483585751413
2000-09-13,1.699614421301277,-2.264633188847721,0.8879280618715406,-11.84595501228177
2000-09-14,1.2149397066227623,-2.8328093214142784,0.3424377483695059,-12.24794526922868
2000-09-15,1.789432234772487,-3.075079452584116,2.52659442221833,-12.067962869764612
2000-09-16,1.6863818438415208,-2.075163590061188,5.04905206186297,-12.998473170120276
2000-09-17,2.747487371446117,-1.7873130574941447,4.604306550169411,-12.838549773273833
2000-09-18,4.232091632157497,0.04279977917453803,5.9519737793346925,-11.899027208207688
2000-09-19,3.8080005383366053,-0.07607525306004571,4.941593452564231,-9.909435515310966
2000-09-20,1.893054227498586,2.5845937025636583,3.8659744499646265,-10.30336015793687
2000-09-21,1.4330730875150435,1.4778182330787304,3.0279928909186777,-10.491898555523813
2000-09-22,-1.4933284036021752,0.9624771192144018,3.152875099390052,-10.366330522172305
2000-09-23,-1.3409453727550105,1.11676823852942,4.368894696185201,-10.878216753744512
2000-09-24,0.30699070496597414,-0.009141632560802027,4.973390184216851,-11.83008466356099
2000-09-25,-0.5443161167352025,0.5850637060896561,3.4039882946189857,-10.695593095657417
2000-09-26,-0.2780492810444958,0.5456542275222465,2.022888592058696,-11.792527204678445
2000-09-27,1.0579251409980293,0.9648872473081077,3.0437635643653875,-11.026086576040063
2000-09-28,1.118112901074719,0.6501893995089045,4.397037493976438,-11.67741016194837
2000-09-29,-0.1523159547914701,1.589703849984157,7.1547965471120545,-11.004918579579803
2000-09-30,-1.8649030147315564,1.4593817301204213,6.472853531630251,-11.697865741689222
2000-10-01,-2.9644343761505176,1.8673540166863687,6.3909508985196775,-12.019594642807984
2000-10-02,-2.336691963384965,2.1862381779945492,5.16666606140846,-12.634030846342991
2000-10-03,-3.2780733800669903,1.9360097700063243,5.573700929596549,-14.025265319842589
2000-10-04,-2.3626042950522343,3.277934546108587,6.452874246896921,-13.950214587466817
2000-10-05,-2.6677408175029633,4.705651014702615,5.382078541774972,-13.956538457100875
2000-10-06,-0.9038057012870893,4.362869694737758,6.1704121698784435,-15.278798997527845
2000-10-07,-1.1214115131749143,4.113756532081766,7.552697204209393,-14.732481814732902
2000-10-08,-1.886881979194022,5.266513954386206,7.057291401281131,-14.431145207565885
2000-10-09,-2.773127806303094,3.983847563912361,4.826501823327428,-16.196699848493957
2000-10-10,-3.118103503156529,4.638024832979002,5.535934439063427,-16.686885690572957
2000-10-11,-3.5783195882267935,5.592629763980299,4.803228437772405,-17.710510233216343
2000-10-12,-2.5570208541846435,7.672584293299401,5.244507220468026,-16.49691337003081
2000-10-13,-3.689983922181117,8.706572984285511,6.365349914210641,-15.816991501499222
2000-10-14,-3.143131778597625,9.997193471772533,5.690434980645419,-16.310696513777074
2000-10-15,-3.1235763686827647,10.901596141722843,4.964085265878818,-17.962862484378565
2000-10-16,-3.171944092726775,9.71563078608955,5.024646648313059,-16.93576170408004
2000-10-17,-2.8206533548760437,8.820380298133147,5.428510651326357,-18.817328315792977
2000-10-18,-2.229624198144857,7.75632135428658,6.123764492545991,-17.42749529836426
2000-10-19,-1.7207926399155342,7.94401392048988,5.881169300429016,-18.620529607042656
2000-10-20,-0.16363398671035734,8.07269533652647,6.7401224116060545,-19.604882841447235
2000-10-21,-0.762596051548922,8.434628776720645,7.313729889749388,-19.726843271041183
2000-10-22,-1.3294831472600253,8.905936153129126,7.261342277854077,-20.02092050191872
2000-10-23,-0.04012444693255057,10.016864352958981,7.791908061057434,-20.665831162787605
2000-10-24,-1.0677181063135635,11.866289346886456,7.852941881250615,-20.875819558539995
2000-10-25,-0.18710792766597062,11.218557568369276,7.688673013140087,-21.745975561577186
2000-10-26,-0.7676449436670479,12.056574094565754,6.916731844332513,-23.6679700396498
2000-10-27,-0.7999102440455839,10.718753287751472,6.196229470232642,-23.97683019790739
2000-10-28,-0.3656782452442023,12.509827850957597,7.090995317699679,-22.069834065346534
2000-10-29,0.6738590307906298,12.69839254134946,9.376149158109707,-22.718915620204903
2000-10-30,-0.2036599072037154,11.776900212174223,9.324154455565347,-22.610939402226602
2000-10-31,-1.177258508522514,10.274094636464504,10.190992519448697,-23.429530843667195
2000-11-01,-0.5365547573540629,10.662612954436842,9.597469867551348,-21.140095723193085
2000-11-02,-1.7922133613260094,13.328146898866754,8.436947658034015,-19.26011616731575
2000-11-03,-2.653001334227255,13.03135717682238,7.99046263323937,-18.318091811899016
2000-11-04,-4.2693966290113785,10.929179386528606,8.014903468174676,-17.94144483702499
2000-11-05,-5.628096094977842,9.773473198553347,7.748853056720559,-18.575295240280727
2000-11-06,-4.581632403359107,10.080051776834951,7.890935325462421,-17.74759916137822
2000-11-07,-5.280637274303542,9.434582402367248,8.60739507103926,-19.041511190328915
2000-11-08,-2.9191187594391867,9.04325345331993,7.532091773955486,-18.96752393274059
2000-11-09,-2.091562371347794,8.755491746226337,8.505086707009688,-18.479551098298735
2000-11-10,-1.8776714996614399,10.599888410481116,8.520372966193598,-19.102431095990656
2000-11-11,-1.0787628793866637,11.163788289821737,10.113061619143197,-18.627308636167694
2000-11-12,-3.3484675706806235,11.80146478091679,10.120019147658457,-19.225929367683502
2000-11-13,-3.185515209297992,12.779298828423537,9.97877881598469,-19.679978625859405
2000-11-14,-4.638651359869012,13.398837821381022,10.996840635293978,-18.030446467956875
2000-11-15,-5.454388836178096,14.31987393589965,10.122087180073942,-17.009324349676163
2000-11-16,-5.109694154307145,14.81623193181294,11.432852403266953,-17.074704356652358
2000-11-17,-5.249716438857237,15.538775168419205,10.24355053593583,-16.848458479866455
2000-11-18,-6.135752225828257,15.089649403795152,8.493551907944477,-16.07812690335286
2000-11-19,-4.225092713819303,15.711926609615857,9.656701857853106,-15.994028585811307
2000-11-20,-3.788998357906595,15.363196210204421,12.095490291528382,-17.236900584154174
2000-11-21,-5.3056102169479304,14.866912951193948,14.372289279530492,-18.105441473660967
2000-11-22,-4.597846216115866,12.757989203685808,13.368656954234272,-15.772645919026552
2000-11-23,-5.0635730815718,12.831998526772287,14.148410314176987,-17.227662312307352
2000-11-24,-5.4425337040661494,14.268618121245233,14.228597583047705,-17.04966556462171
2000-11-25,-6.890871069597509,15.41711433543706,13.69370808393298,-15.515818635917151
2000-11-26,-7.180945041013246,16.50357366409898,12.471904742437093,-16.013490862329174
2000-11-27,-8.080607540576885,16.781029618391226,14.21527133910532,-15.798366856526718
2000-11-28,-5.729895334119513,17.04658457249988,16.0053573180246,-14.57282756134626
2000-11-29,-5.397965920203857,17.033530089845137,16.109636953315114,-15.3838534698233
2000-11-30,-3.5360025070494725,17.868365353023695,16.73846417463729,-16.074046891208756
2000-12-01,-4.4749065675637905,17.35245936406662,16.32627775701602,-15.70691547292578
2000-12-02,-4.809829426844658,17.743793015824636,16.1060522329743,-15.10728552797257
2000-12-03,-5.161283594591635,18.125672809282893,14.799720500996342,-14.770069907440462
2000-12-04,-6.033853472619477,16.961688240664095,14.65422184326606,-15.62772336463162
2000-12-05,-7.040987348099809,16.00698684693962,14.61032437511461,-14.256782072008361
2000-12-06,-6.351596013488431,15.645956595928917,15.25120693527191,-15.522905439483065
2000-12-07,-6.315648959818703,14.682587261410376,15.709720276570437,-16.806592308014658
2000-12-08,-4.77541072301766,12.675797766414341,16.677917123093824,-17.06623633157147
2000-12-09,-5.699556365888314,11.880550609924626,17.901718088617663,-18.20377179975376
2000-12-10,-6.770422853580589,11.362182246846665,16.73912923170178,-16.945790349423557
2000-12-11,-6.079816272174715,9.83347573435386,17.19282157181038,-16.900514103673554
2000-12-12,-5.830305319758719,9.98378739844787,18.506396343865024,-17.30149010626794
2000-12-13,-5.812708348317025,10.563595884374818,17.538916616511347,-16.005763106447237
2000-12-14,-4.749270171572074,11.179407165028158,17.417297605192438,-14.738958554150281
2000-12-15,-2.6590584019039376,11.50833276357764,17.84920523812628,-15.340773130848975
2000-12-16,-4.108992817180133,10.779872568889868,16.833382673655198,-15.89697979967083
2000-12-17,-5.999823418558239,11.133738649776664,15.468094336301823,-15.585399561390243
2000-12-18,-6.152849224943287,11.722308658041356,15.808800306174003,-15.217813749009379
2000-12-19,-5.730055946381499,11.47260910555382,15.697814261091564,-15.560099750272816
2000-12-20,-4.891083804976424,12.03239965762329,13.014599877590877,-16.475600954291075
2000-12-21,-5.108148496549465,10.964477837850954,13.493705823488526,-16.990180701653674
2000-12-22,-4.729811727017513,11.54810935125826,12.345783066471345,-17.73559036077864
2000-12-23,-4.81134738057234,10.830322834339784,12.00831566981803,-17.616909192801618
2000-12-24,-4.688978727400285,10.859275931710037,12.166359312379925,-17.9734578240892
2000-12-25,-5.2237094337911385,12.444896324771328,12.760194422862831,-17.415531464278498
2000-12-26,-4.7963768319020845,11.557963622398805,12.058890506370213,-16.613080320779513
2000-12-27,-4.564048412904592,10.31545421231543,10.905128430826018,-15.301969244934572
2000-12-28,-4.3711263058125365,10.264506854264164,10.180248820064076,-19.24356090542386
2000-12-29,-5.689901001860169,8.98873626159563,11.757417542694018,-20.987159608930703
2000-12-30,-6.521369812852404,7.66133484183128,12.09330713041966,-21.39181177553998
2000-12-31,-6.531763392348692,8.770740838202196,12.618272964717072,-21.929563557557106
2001-01-01,-6.868067710809101,8.383527697477744,14.620333521549654,-21.575885130851677
2001-01-02,-6.802367379212394,8.049197183440898,14.845007539643714,-20.85466622272139
2001-01-03,-4.536983140027676,9.853093559759126,15.663753308077796,-18.970577463475212
2001-01-04,-4.444844518159507,10.551589877990011,15.174761208065286,-17.787898795218048
2001-01-05,-3.8055880623024096,11.540941451883977,13.418397330310134,-18.659963912265376
2001-01-06,-3.1921822680623797,13.509334229005745,14.512893526656024,-17.065359948315134
2001-01-07,-3.331309299694425,14.434980678104216,14.354637699653612,-15.793829873165588
2001-01-08,-4.079854401620636,14.455788237008006,13.748913750283855,-15.112948142228237
2001-01-09,-4.647814310397577,14.971781577192926,15.013385407426455,-16.107422219833595
2001-01-10,-3.786556029906152,15.50832781946771,13.498931749565916,-16.00107611777809
2001-01-11,-3.872709597827053,15.113220058299259,13.566760455132938,-17.04943523475444
2001-01-12,-3.163474721600019,15.697730016138577,13.59998080243306,-15.335375228918634
2001-01-13,-3.7392051250329126,16.81491677994192,13.85747888895025,-16.390278751197933
2001-01-14,-4.866520262885807,16.957536627910883,13.31801167233625,-16.676805274112635
2001-01-15,-4.092108884312138,16.94522689597583,14.871874736075602,-16.701159734327252
2001-01-16,-4.327026675986452,16.58257015593112,14.991208515359084,-16.16230576690025
2001-01-17,-5.187449735240943,18.59585094103459,15.515992031003481,-17.033309013081023
2001-01-18,-4.980049124288453,18.48354487329366,16.067919631732874,-17.986233724246198
2001-01-19,-5.507732348442205,18.64126202579832,17.53446167890938,-17.98948379685315
2001-01-20,-5.797797924422503,18.818850306808024,17.31072283347483,-17.596423541489248
2001-01-21,-8.319413290786466,17.14639608510952,17.427508456873234,-17.93187241062852
2001-01-22,-8.97898889674834,18.048869981982232,16.567963912425146,-17.93965758787827
2001-01-23,-8.291606103102124,16.692873987992133,15.474611869083093,-18.324781738640194
2001-01-24,-6.447339795935879,17.730839378756773,15.446485578801543,-16.542624586225998
2001-01-25,-5.437516252893576,17.738393547317074,13.805553214536479,-16.994483444916455
2001-01-26,-6.531386820015786,15.996494580640771,14.222780221709195,-15.95103580222063
2001-01-27,-6.144310879731718,15.926523825595195,13.401710624895848,-15.374638906622096
2001-01-28,-6.5352885158795395,15.223894593278693,13.826094609824684,-13.918644507469487
2001-01-29,-6.909735378085181,16.339795812226235,13.216323671673367,-13.117981905512863
2001-01-30,-5.961817488522909,15.890022765663476,12.81749457845664,-12.75968563889633
2001-01-31,-5.147294128735422,15.526317902554776,11.314571607702966,-11.937635227842566
2001-02-01,-5.085669404709251,16.88234680849763,13.474365713100731,-11.727232114658998
2001-02-02,-5.109712252295911,16.37944427443712,12.457527051620456,-12.089922046463103
2001-02-03,-5.741344951271149,16.61597216273229,12.810026833828658,-11.510466633289521
2001-02-04,-4.5382102651901235,15.329651235675966,11.757327155969863,-11.639498696779047
2001-02-05,-3.5884262689867583,15.809210770108704,10.592990431818093,-11.835309959187143
2001-02-06,-2.3422708010484854,13.85327986549477,11.14651522088722,-12.503005663728002
2001-02-07,-1.8195167744860612,12.485567163807584,10.425434186909397,-11.91417148353232
2001-02-08,-2.0514872518516967,11.9433071255096,10.008486600317745,-9.817600950639212
2001-02-09,-1.3842227997437995,11.999469050230498,11.585171893062153,-10.68620857732453
2001-02-10,-0.5560491401827853,9.972308729967919,13.243169236395312,-11.393253714570971
2001-02-11,-1.5791418033198883,8.529882819401742,13.15851684328593,-9.882187912586703
2001-02-12,-1.3146785795210056,8.17707202635812,14.991211121417212,-10.955827909706773
2001-02-13,0.16515642259151764,7.839295541966655,13.168305311772487,-11.325071847176929
2001-02-14,-0.1584913158499457,8.226629861349705,15.366216562703293,-12.286478959461856
2001-02-15,0.37962870577363195,6.211454346248811,15.012787410219474,-12.938071827483098
2001-02-16,1.0827742543447803,5.941088748401443,15.266243276990124,-11.380334718607063
2001-02-17,2.1523513653534474,7.1886821883013905,16.047202650916493,-10.565933796152024
2001-02-18,0.0066030597410606795,6.9317643661526125,16.337716718850242,-8.799166427667608
2001-02-19,1.5369680326972175,5.945699960684143,16.81553219290849,-7.71357470529834
2001-02-20,1.476416337749085,5.74275281023645,17.427553019042076,-8.5974898090975
2001-02-21,1.248812524455979,7.379467714302377,15.742273319782738,-8.417186845194989
2001-02-22,1.9699657156085126,6.626333131422855,14.972461668159962,-8.52814417195372
2001-02-23,1.8723089712801135,4.7359954225472025,14.028069556397664,-8.521412878677626
2001-02-24,0.15142897643759046,4.120635426945427,13.695792294611579,-6.765592991770689
2001-02-25,-0.19328743354139838,3.340206421118893,15.543987314261468,-8.570496690120914
2001-02-26,-0.6634825286106527,3.765057536205364,15.803216410629586,-9.449477211911576
2001-02-27,-0.9738597412666339,3.36222481762791,15.262833978866555,-7.752962701594748
2001-02-28,-2.9471953469206587,2.5763213691711435,16.868017439433874,-7.340077232612961
2001-03-01,-4.996625729493813,2.5746312430058014,16.321684713209642,-7.537422092852135
2001-03-02,-6.904236446847529,1.2054832742922046,16.761661408751255,-7.6957187955946535
2001-03-03,-6.521283209910814,1.7098198680991539,18.059638489285806,-6.205233559797257
2001-03-04,-8.242648565778499,2.6762966927500718,19.418228847757593,-5.323419096758865
2001-03-05,-7.327136121017417,2.724115032256199,17.40118709512111,-4.187628258130944
2001-03-06,-8.70294417394307,4.101238322144738,16.57724512655396,-4.212690047541588
2001-03-07,-9.225831900205495,4.389513399075861,16.695091915142,-3.1570948317276235
2001-03-08,-6.7458923081180755,4.754938128881806,16.574884924051084,-2.2907810210886534
2001-03-09,-6.63135836889038,4.6757099603604235,17.800248207888753,-2.078075868474171
2001-03-10,-5.556547273061991,5.5756157704333305,20.640569849263986,-0.11026892235785901
2001-03-11,-4.417109042971549,5.773003286423533,21.264201977901322,-0.53416194349492
2001-03-12,-5.314519716234651,4.73049405744359,21.540971952105657,2.5890401876492053
2001-03-13,-5.312270091513054,4.658000453467825,19.21486472671598,3.270636381387327
2001-03-14,-2.6540293020040338,5.774198518918137,20.077425356237683,3.3823082324513156
2001-03-15,-2.9753484057297763,5.859881115172773,20.328858133201066,2.3282587170467504
2001-03-16,-3.9496844532338526,7.377366357453501,20.56664657728231,1.6281095982523364
2001-03-17,-4.132651110320175,6.787246734574251,20.637491551146038,1.3067733777607993
2001-03-18,-4.22279852474999,7.301633847871417,18.940962250292653,1.2994167331245023
2001-03-19,-5.140711850765282,6.583823142597867,21.786892476743137,-0.19168717530428392
2001-03-20,-5.57935226253545,6.354556260784212,20.9858510115367,1.3587599719968748
2001-03-21,-7.919072183485042,6.866672460262194,21.12351379344512,1.5407423328782412
2001-03-22,-6.5027532004726085,4.101540623185208,22.32973705427398,2.562461344376608
2001-03-23,-7.828475113415753,5.323695654460566,22.188945381167557,2.531522215441909
2001-03-24,-7.8036884044788515,7.0472512088492625,21.82865884453516,2.735356097373211
2001-03-25,-7.40160426719112,7.234444921500315,21.157609387745854,3.1574449993191873
2001-03-26,-7.997254222247742,6.755378665718435,22.068951968103086,2.159383525817819
2001-03-27,-8.540839856017064,6.412377693032002,21.58632698669724,-0.36637090595903476
2001-03-28,-8.657571317119771,4.651390817081504,21.13496263720196,-0.3816940293198384
2001-03-29,-9.693234925498341,5.970170381090851,21.248661392637793,-0.7449494529823554
2001-03-30,-9.293650930863512,6.669506084670961,20.683922174532494,0.925648612253939
2001-03-31,-9.070991364982081,7.123111544989736,20.98295642970671,2.015734327671994
2001-04-01,-9.25367088828153,6.420887259413105,20.096338596580036,0.9228158343209543
2001-04-02,-8.896029608273023,6.344635394280142,18.047167583007955,1.6978790116179745
2001-04-03,-8.731619743300667,5.825627415784783,17.96107071216792,1.26777895718967
2001-04-04,-7.690212536299812,6.475008813228069,18.158764521789752,2.8041023127447007
2001-04-05,-7.803149675799752,8.250312350799957,19.049218573423513,3.072185826954946
2001-04-06,-7.5319935628090295,7.869503255952485,20.18621881509068,2.2813880799489787
2001-04-07,-7.952473074461028,7.728940135134522,22.061762380902778,2.9273680330677974
2001-04-08,-7.43478990394894,8.692159047196073,22.55597601998968,1.1630643806020713
2001-04-09,-8.58364655672193,11.008946770852273,22.201519506045383,2.3847583813099322
2001-04-10,-7.70286270703592,12.846524575771193,23.527525799210007,2.5833539093602553
2001-04-11,-7.352591475878678,11.318740200514908,24.732573532605752,2.500039580610554
2001-04-12,-6.131462738518591,10.733022221240015,24.364026980826335,1.0871125850471217
2001-04-13,-6.118445352730528,11.746432521006584,23.810098386316866,1.2008992039821096
2001-04-14,-6.093115512340113,11.854419413006609,23.340968770934666,-0.09821878257307248
2001-04-15,-8.05572536280199,12.039749041362464,24.205157371229525,0.7734612115451072
2001-04-16,-8.554608265172496,11.538150058143305,24.549468240256232,0.28649797220877377
2001-04-17,-9.386839678861659,10.652717047864105,23.735435491670994,0.5557428934218359
2001-04-18,-10.383475945869659,11.629233830977373,23.31895331459175,0.9987905917015378
2001-04-19,-8.242879698214786,11.839815627780588,24.932423020582874,1.630733648397492
2001-04-20,-7.551940030636907,11.46154414135014,27.059211654547926,3.7662062088208312
2001-04-21,-9.327162390180845,12.370782296219973,26.863130237624038,2.792307720121081
2001-04-22,-8.95499077025071,13.829413615604174,26.44863045933507,3.4778788209812936
2001-04-23,-10.058804271606297,13.651685187395922,24.83843410716006,2.2359927118208267
2001-04-24,-9.030453474844652,12.278369328412985,22.21376860094021,2.9896967227896396
2001-04-25,-9.840953924670426,14.012077031819782,24.165465392377886,1.7685767970945516
2001-04-26,-9.09716944795248,14.991019886815298,23.10465352046076,1.9913893391428217
2001-04-27,-9.961462619445207,13.98692479775769,24.48328699768411,3.603551010829543
2001-04-28,-10.399849232630336,12.891611153094777,24.662684070244033,2.160892843462557
2001-04-29,-11.459167689444765,13.358093646002352,24.24165348255334,1.7604231924712115
2001-04-30,-12.62791745864969,15.460886562690526,24.196971480166457,0.6698537097600334
2001-05-01,-12.624848390757137,15.770998400475541,22.274532983299768,1.5390101885775551
2001-05-02,-12.233959913414726,14.960259688879155,21.939214921421026,1.04613147018344
2001-05-03,-12.790564276421005,14.452201066999422,20.69545543311533,1.409400235407064
2001-05-04,-12.97130761913731,13.670876375557514,19.995559052673116,0.02830183833087463
2001-05-05,-13.0975142069383,14.16886550779991,20.24462077026663,-0.6479943425737739
2001-05-06,-13.736580883957958,13.981650215088347,20.467619685390247,0.15286415994487734
2001-05-07,-15.482028152054447,13.112632639290434,20.231928089310408,-0.6698958446137238
2001-05-08,-13.330989853468925,12.659719998722474,19.154544141471572,-0.2861237129577767
2001-05-09,-13.64863511394,12.542295080122223,19.621635475753035,-0.7938136014148033
2001-05-10,-12.5963416618501,12.279829834145513,19.93085791020996,-0.3987405712725983
2001-05-11,-13.766800570310664,11.112574214488042,20.687001895823546,0.8542349845220584
2001-05-12,-15.123128636265681,10.430116299590459,20.685617577859453,3.3791670906276448
2001-05-13,-14.097320969084777,10.893956707316363,21.840235248753363,3.5467737689606875
2001-05-14,-14.606499880686885,9.969013862389247,21.976606900101718,2.824410624724692
2001-05-15,-15.668613526033033,11.646236522195247,22.29865649884563,4.759477140393351
2001-05-16,-13.994170489775785,11.694448282656476,21.036410232505233,5.385396812928402
2001-05-17,-15.994286888365798,12.081011377457967,21.473952849022513,6.257790149212398
2001-05-18,-16.45950157386576,12.427126391830829,22.429323607926243,5.631555206251111
2001-05-19,-15.781480503415212,10.057713556346739,22.579880322174134,4.626528007352054
2001-05-20,-17.844962552869273,11.253723763390797,21.906151567944686,3.106054022771272
2001-05-21,-17.986618178552586,12.055174848007983,21.685348038729522,3.8941676614149463
2001-05-22,-18.981805109309857,11.959618515677892,19.765793846649547,3.5594603287602027
2001-05-23,-19.24121954416992,12.673818954768008,21.485195129663115,3.8215558903027853
2001-05-24,-17.73153130154428,11.043136290209354,20.279538974603575,5.487885121077824
2001-05-25,-18.23492952680687,11.517880250235308,18.96277484933661,5.097054929346563
2001-05-26,-18.083107368578546,11.871982824256785,20.180027301585454,2.93720562490722
2001-05-27,-19.15162141144283,11.227381218928734,20.489284160098546,2.1774174876560255
2001-05-28,-18.47296541044228,12.15830932180298,20.52005462504712,1.1246569068937944
2001-05-29,-17.25046876892826,11.968441872154346,20.01627422971014,-0.15832430098167927
2001-05-30,-17.544731081098977,10.986493916126973,20.688278810513975,1.3104124712247271
2001-05-31,-17.1392322222636,11.083384596338801,21.14914438843471,1.724112987392371
2001-06-01,-16.390207720215127,12.32770315852892,23.158867352320804,2.233330733585414
2001-06-02,-16.042862951533564,13.48542122182257,22.496592077374203,3.746383895378257
2001-06-03,-16.16951122590127,13.456232408143633,24.391995523955288,2.2916192077324604
2001-06-04,-17.06394818020953,12.439380395006623,24.867592528911928,3.5741647175943534
2001-06-05,-16.26143072029505,13.66749672804802,24.974765715776947,3.4455904721521473
2001-06-06,-15.743059365868982,15.702566409737926,26.0065014122086,2.6770436945419984
2001-06-07,-16.26809967120214,16.93352780597785,25.732297939698945,5.1974641884007635
2001-06-08,-17.049032692593585,18.366550872296596,25.56703327042754,4.730754156690807
2001-06-09,-15.633290153755018,19.130705594485473,26.461587838892015,5.344027255403745
2001-06-10,-14.838095092573123,19.940373618390502,27.58847046609466,6.866664786271807
2001-06-11,-13.977975151802239,19.7554003911325,28.14630951667384,8.752483739803175
2001-06-12,-13.63115286534868,19.80394965275787,26.51509900296489,8.45710997523548
2001-06-13,-15.643171283964241,20.83859761615421,25.771770793438773,8.097358620903341
2001-06-14,-15.390293749180666,19.941441754632436,24.8688528333825,7.324038519913971
2001-06-15,-16.10540640153052,20.261425729818722,25.54463605770218,6.789730567789742
2001-06-16,-16.457065565387037,20.224254200284825,24.43878607895889,7.568795470453213
2001-06-17,-16.75038275033524,19.709529304179135,25.30674346996367,8.479361032159543
2001-06-18,-18.661234540162745,19.975084092842668,23.947460891535727,9.006841636538462
2001-06-19,-17.292173012254267,20.449209185976013,24.762637224380917,9.303204036506207
2001-06-20,-15.665607382556429,21.00178072543597,24.075032739073475,9.47063971753358
2001-06-21,-15.836440851097057,22.744186305486025,24.318906627580077,10.033109222232113
2001-06-22,-14.883735525068449,23.747876835297895,24.822152455576536,11.417292567575583
2001-06-23,-15.697130932500338,22.401367727269793,23.492317299431225,10.317157945091274
2001-06-24,-16.022649185965435,22.571558210564508,22.406238431531964,10.775487455789476
2001-06-25,-17.239394755169354,21.759731925884246,22.515028827723206,10.052035364728102
2001-06-26,-15.941997241161557,21.111721256531816,21.481650156163862,11.568303728303286
2001-06-27,-15.526570276157333,21.139866757075314,20.82063858206095,11.146734004638866
2001-06-28,-15.268694437740667,22.83991666479185,19.750345178307093,10.098994568473424
2001-06-29,-16.05221129972662,22.188101321792686,18.798579124151342,9.29003375875044
2001-06-30,-17.606522453724097,21.898197588232318,20.249216895824464,8.777451335680057
2001-07-01,-16.82376990824289,21.287816268443642,22.029599186215574,9.50004372336153
2001-07-02,-17.621209691852396,20.53343520629664,21.057346328397742,9.878269741538118
2001-07-03,-16.24847455677134,19.18153970060531,18.52535673876961,10.417625979928545
2001-07-04,-16.316294855784847,18.14944245080123,18.719771472388743,9.96425512027049
2001-07-05,-16.788761639603287,17.803255580856792,18.18498208652105,9.254428991586437
2001-07-06,-17.183278030957077,17.39851964928559,18.167561424642113,10.090005718256013
2001-07-07,-17.135356658282237,17.221603083446173,19.224717327238928,8.609683219002028
2001-07-08,-15.959051802245709,16.880141688480734,18.736304221933644,6.772001126724373
2001-07-09,-14.619941133448743,15.222671521234979,18.451005898769296,5.2824085526025515
2001-07-10,-15.697617984001539,15.523776524823575,17.299564018247835,5.628597975585214
2001-07-11,-16.964842493226783,15.431217041349825,16.737516296457233,4.775736960013108
2001-07-12,-17.47070015701354,16.874739248103616,15.86146674652704,4.934641740527969
2001-07-13,-18.06838381154462,17.35995385748915,16.755901688194356,5.407697608038381
2001-07-14,-18.21267785958012,17.55415358808182,18.11136881015366,5.857697145898761
2001-07-15,-18.11958917873725,15.485265499286763,20.135238320512542,7.303802863885729
2001-07-16,-16.957022649749497,15.73704737741759,17.956739651128323,8.368798114021544
2001-07-17,-18.250251902163797,13.631950948567878,17.80673156122214,8.49640433075935
2001-07-18,-17.93056434358111,14.203112204980048,18.86550112184415,9.54721377558628
2001-07-19,-18.556140427472343,13.6191450822088,18.306176883403005,10.377155810496532
2001-07-20,-18.900955095441844,14.347836108672968,18.68175752908547,8.307520207361907
2001-07-21,-17.883392313131758,13.044976671376332,18.32337061102331,8.505963601622826
2001-07-22,-16.1885981855588,11.42544550373152,18.23846357602205,5.385285695171392
2001-07-23,-15.799151447724128,10.229909568612614,17.04983641351653,6.535064682980546
2001-07-24,-15.531332621142905,9.960931933675125,16.845018805100658,6.035900341048507
2001-07-25,-14.710545483567596,9.665190388039035,16.97193573092952,6.409583607214902
2001-07-26,-15.309885708484227,7.70692076230789,17.358457777976387,7.741677723755415
2001-07-27,-14.516333935379773,8.781214568746424,18.07563219204184,7.346372675185557
2001-07-28,-12.71809515990881,8.774211234892668,17.096361702227828,7.885924752466758
2001-07-29,-12.26663515229462,7.364109831962697,15.954849479842983,9.770189229185489
2001-07-30,-12.265062623521818,8.182089250375773,16.209603383145172,10.643313658234177
2001-07-31,-12.634894680471222,8.466257739855925,17.508353234340476,10.45112583714469
2001-08-01,-10.8572044220069,8.125296918821652,18.902445659343353,10.010819492892422
2001-08-02,-10.790412094419993,7.30994394030216,17.59038086822833,11.21758534274266
2001-08-03,-12.004377948415039,7.037699052131409,16.256618867651053,11.17483485629729
2001-08-04,-14.069632668043031,6.8789606760511495,14.373701317962169,11.948934335188254
2001-08-05,-14.716615169710213,6.509227614712633,14.23299378760591,11.867343993216723
2001-08-06,-15.82609991160144,6.509519331471003,13.729430693155091,11.44955260557173
2001-08-07,-15.831081814382697,7.784646896052307,11.843593792521773,10.460641124290502
2001-08-08,-16.76832389670489,7.364422224816757,12.64799097841378,10.90654338846988
2001-08-09,-17.075537249123457,6.811615858683863,14.397183585929845,11.911747926055936
2001-08-10,-18.032451701119072,6.52587812666104,13.370733361244659,11.999133718967164
2001-08-11,-17.130959119005777,7.111105702034552,13.190624416584054,11.185587934338
2001-08-12,-16.295728597759208,5.519783989465532,10.43166161673194,9.620640460249678
2001-08-13,-16.169280811859114,6.461880219762736,8.704214573549269,9.60019695176008
2001-08-14,-16.52717248649397,7.4377525403268505,7.396351155194136,9.978082516936988
2001-08-15,-17.103808704076403,7.310606705120567,7.820368852595863,10.574739601510325
2001-08-16,-16.22783954716062,7.8940386583480775,7.231344791304664,11.339903816778333
2001-08-17,-17.20695210096954,9.214076551328073,7.555332075650979,9.808561593350287
2001-08-18,-16.853215867002852,7.886325240606532,6.938702911989061,11.206583987129504
2001-08-19,-16.963018221308925,6.122741791870383,8.38219891747976,12.268070823540155
2001-08-20,-17.584088432250685,7.372326716220909,7.833436706701542,11.310187229523613
2001-08-21,-16.683614081933367,7.832033858850011,7.625889805466051,11.515358477135278
2001-08-22,-17.427942409083283,7.017085772921769,6.437094544696538,12.763198630206684
2001-08-23,-17.531665012330844,8.800450652076206,5.951639689724528,14.769358661236518
2001-08-24,-16.340167604186583,9.68450597844095,4.94419638736294,13.772930969783557
2001-08-25,-15.723413292453397,10.150156536963626,5.058910258449231,13.806286136106426
2001-08-26,-15.698403427914222,10.429435453229553,5.0486972072987735,13.336639405188711
2001-08-27,-16.910273107078094,10.112053226255604,5.579618476535684,12.749718177472166
2001-08-28,-16.481661225478554,10.15679965548349,6.294205425871506,11.803557139268769
2001-08-29,-16.86575637731225,9.853754025039276,5.315225763770347,13.106878356395748
2001-08-30,-16.685331604128578,9.799893739470372,5.127191878862708,12.405265320942048
2001-08-31,-15.087635644696096,8.462809746948597,4.980175043588684,12.001730206622932
2001-09-01,-15.61617577290218,7.171641452992608,5.194946099509929,11.417835865316064
2001-09-02,-15.930566400186766,7.500981253860656,3.5379295289381467,10.063634663372973
2001-09-03,-16.90343898714542,7.705942657210293,3.539156535142971,9.069526685748215
2001-09-04,-18.382158477917045,8.643512608525608,3.4005885825302826,10.871281504420889
2001-09-05,-17.43705824348133,8.72440848560317,3.3887465592156345,11.676335094215483
2001-09-06,-17.05796526924031,8.460441948834422,3.8853100655601627,13.09075781536758
2001-09-07,-18.51851507230661,10.185119011015301,3.529945126415001,10.027714561101991
2001-09-08,-19.23357412812037,10.16308020013913,3.8483201228062995,9.898653583052756
2001-09-09,-18.64800184638984,11.408420863829136,3.8646735428606966,10.218299407379007
2001-09-10,-18.396948147830912,11.332634197680903,6.231251326346408,10.107488611766543
2001-09-11,-19.109623039691698,10.813732539075216,5.929193791502242,8.187508524004969
2001-09-12,-17.826381492540612,10.874360882684023,5.832350992080532,8.425507144338154
2001-09-13,-19.18799615382273,10.641900004380535,4.570934835874652,7.837531674760372
2001-09-14,-19.170928413844074,10.923543382765056,3.702449998381351,8.420441235363496
2001-09-15,-19.84156127809585,12.951522821779292,3.2275612794282416,7.460033842067707
2001-09-16,-19.923780273864185,15.312919258621386,2.034817647516075,9.102469709841856
2001-09-17,-18.530292332649946,13.238697550162676,0.7563968411691753,10.931245577968728
2001-09-18,-17.682036878554317,13.009654381333002,1.0477569630327768,10.9761570188107
2001-09-19,-17.422565585748117,12.890910612472128,1.8189729376953605,11.36275188980216
2001-09-20,-16.290500102878987,12.228275322824526,-0.38538639978755995,10.532011003225238
2001-09-21,-17.153231919337617,13.356094647396251,-1.914818758770821,11.328434537145833
2001-09-22,-15.415338656793626,12.952002644624365,-0.42568149832942814,11.437248185023392
2001-09-23,-14.78069439694147,13.045493339456335,-0.7221444357363863,10.200193530183709
2001-09-24,-14.80519781742834,13.133744180613458,0.016069061994988476,11.348803457077757
2001-09-25,-12.03174310541148,12.451102939745091,1.3446102836814608,11.24889448346758
2001-09-26,-11.64251759221644,13.25221088314056,2.6589734234536184,10.924712925193747
2001-09-27,-11.753591210115006,11.542189133362463,2.3593695532472605,9.655176872586187
2001-09-28,-10.38390567935671,11.836629454999906,2.970458982506675,10.27173792292314
2001-09-29,-9.042235380981587,12.785622631305223,2.775935824805908,10.574870675832134
2001-09-30,-8.042423140964098,12.856127439224187,3.8417695648590415,10.952013284171326
2001-10-01,-9.450631386210082,14.710234782631154,3.293636551611492,10.975528574944173
2001-10-02,-10.096973286444674,15.802918029554698,1.6820094834950365,11.508859524886383
2001-10-03,-9.316209698025984,16.720429721345873,0.6654387630860503,12.031187052845501
2001-10-04,-9.148930153519325,16.417963920239934,0.3123541906880042,9.37992460946199
2001-10-05,-6.213119153933567,16.526945595938027,-0.8852174343933047,9.297363979030612
2001-10-06,-6.470446851621664,16.93611008833638,-0.5622231761330904,10.236461775020764
2001-10-07,-7.8740155651753,16.419357515894795,-2.208733093207253,11.407164421445392
2001-10-08,-6.101944958346387,15.504789823692578,-2.579304487844104,10.128224378045129
2001-10-09,-5.004150530904793,15.141152220007607,-4.521242103177921,9.709258752627488
2001-10-10,-4.202758533865414,14.48482153589394,-3.2753709183596436,9.09708371260506
2001-10-11,-4.203628335083218,12.918512785842749,-2.5578650713921274,9.662439197242117
2001-10-12,-4.041015029378298,14.103482785565118,-2.2906949764064013,9.808237454194046
2001-10-13,-1.969639687078908,14.045116943216101,-2.0085629004015586,9.245701666845992
2001-10-14,-1.577549566016121,14.541035053632088,-0.41080469722287893,9.198439109390174
2001-10-15,-0.0989007190684601,14.02209271386289,0.32531939952690947,9.612938123724632
2001-10-16,0.767023957493502,14.658228286846567,0.9474669495208098,9.852699399213376
2001-10-17,0.5406290624045222,15.589780491126467,-0.20747390409917432,10.331873238438114
2001-10-18,-0.05983293443541515,16.125454391546487,-0.9428389056219662,10.532329429187726
2001-10-19,-0.3356475820756431,15.531222050462496,-0.43151620289955195,8.860867393013804
2001-10-20,0.3439584599180238,15.584876258649306,-0.5268388922934579,8.547602977540912
2001-10-21,-0.0048675836588462085,16.06012609409301,0.6298250859142347,7.465149035766932
2001-10-22,0.32132030928470473,14.59768212573439,1.8335771993163879,8.772251172796146
2001-10-23,0.8867175108176322,13.934215845385854,0.804156297435185,8.201281380789329
2001-10-24,-0.6839999474193501,14.220101090863142,1.315160918636378,8.071865807662542
2001-10-25,-1.3481250895001586,15.25209230496899,2.1168393021744523,8.790341049201349
2001-10-26,-2.0259608324750036,15.365853399316565,1.2173929080018577,6.921038297338703
2001-10-27,-4.005360227825919,16.803717187659597,2.149595465338561,8.076392000495625
2001-10-28,-3.5537837896945836,16.013503323128152,3.886299929806496,8.097939640861664
2001-10-29,-4.162570383636325,14.873462317416228,4.296066127093868,6.866462917528798
2001-10-30,-3.1135507627486576,15.541403960436556,4.216088028554027,4.848967643098005
2001-10-31,-2.6077993059592806,16.48845389892131,3.91271228649497,5.762140366772027
2001-11-01,-2.2416320212639134,17.109740466450294,3.7127946670961784,6.242149278026084
2001-11-02,-1.8062290151084353,16.47961588708468,4.3129386071578395,7.431485056099927
2001-11-03,-3.4070423738036553,16.821400492160155,2.822341814202353,7.2354447871041145
2001-11-04,-2.8449477347795815,15.32959880185619,2.5134009968631545,7.9923020582434585
2001-11-05,-3.4204374487276494,14.304417026694534,3.2417529077360383,6.301012328576904
2001-11-06,-5.551563082647297,14.408274668397006,4.435396076234472,6.804048561725156
2001-11-07,-5.260703423000635,13.541154780320888,1.9870580793392576,7.134779325385502
2001-11-08,-4.87614320363742,13.31885725356738,3.100695325888915,5.785891684881268
2001-11-09,-5.247187698734818,15.006247573407618,2.420662880824477,5.071595039353642
2001-11-10,-5.518962619842346,14.531511347706774,3.483196887147507,4.537663738935621
2001-11-11,-6.200248361366092,15.160660453985445,3.6593605333803803,4.48316374691308
2001-11-12,-5.53589609893566,15.168409781294482,3.9954875143150574,4.7306028860931795
2001-11-13,-4.942111351861721,13.97233755049528,4.110275860364778,7.66886384706698
2001-11-14,-4.3106425707486995,14.498814999612236,4.819633777836098,9.531840270681435
2001-11-15,-3.625875678987096,15.250701033219393,5.664054140322257,7.520401097087792
2001-11-16,-4.401384415925926,15.09048337119083,7.176186468893231,8.625122355703223
2001-11-17,-3.583245476319102,15.374828893103448,10.121545138507523,8.821030242224149
2001-11-18,-3.9122779922290656,15.053990622859162,8.042431904280466,6.863846055476976
2001-11-19,-2.7922828576229612,14.957793835599208,8.786756532699671,6.913667164743826
2001-11-20,-1.54129581748328,15.45267743298182,8.673713292256059,5.045592265664574
2001-11-21,-4.6310899714970954,14.807255796725594,10.669232205798892,4.538394404891129
2001-11-22,-6.118297528488239,15.818706202234052,10.79570850920957,4.715931653526314
2001-11-23,-6.169423283522552,17.23395653643775,10.837783990087363,5.973373240832388
2001-11-24,-5.908083175090083,18.006314160656423,8.690759255781977,4.9719489342085605
2001-11-25,-5.169200302079103,17.22402008910184,8.130098418955345,5.217316243977682
2001-11-26,-3.9926609025469473,18.900701681508025,6.918169466357947,3.7872701484310816
2001-11-27,-2.6825134320039434,18.969404489759725,5.394815888110733,4.531255885121986
2001-11-28,-3.811191200794266,19.559037954240353,4.863432146331278,4.68860809465319
2001-11-29,-4.49500231219766,18.56519599658796,6.8809565029525,4.0541845624563635
2001-11-30,-5.202103670161275,21.24077942278325,7.854591374348269,3.365642657094749
2001-12-01,-4.533963512669671,21.365746633627317,8.303632711925443,3.5973738519093494
2001-12-02,-4.7288499500944585,20.1576232494081,6.419669398012623,3.5680776701789245
2001-12-03,-6.286201651403617,20.64505374173029,6.834120349749616,3.974859038066042
2001-12-04,-5.472825755479544,18.714461538348214,6.260826241841802,4.591922758368341
2001-12-05,-4.493442293592052,20.438697968202177,7.8944128778939175,4.309626875820591
2001-12-06,-5.704843090511119,22.499838603197166,6.994248854494504,4.698053258276359
2001-12-07,-5.571757902078497,22.888443900193145,6.416395492121255,4.501145414124058
2001-12-08,-6.109868355250734,23.6473346921749,6.367713681090007,4.312234215653393
2001-12-09,-7.1261230696371465,23.95148435363834,8.16656453181561,3.915947410092633
2001-12-10,-7.045373969477061,23.674291431288452,7.782406709391601,2.3481093663054713
2001-12-11,-5.5564495470820034,23.280245881808995,7.949489118186243,2.268846233631938
2001-12-12,-5.260337665831517,22.655370801808733,7.276889593198291,3.197496220294799
2001-12-13,-4.030815025953375,23.84215422631896,6.680929472972604,4.287275724130012
2001-12-14,-5.818942566820499,24.210796043188115,8.636893726279268,6.815294876094113
2001-12-15,-6.3832230456854155,22.21613335296894,8.654931538240596,6.625947109165294
2001-12-16,-6.242918600482006,21.921773709695554,9.355412764828811,5.40207080751489
2001-12-17,-7.368168425199843,21.589333939571823,9.326427593157163,5.970124186543043
2001-12-18,-5.887928107316917,20.977125651184366,9.596863328470489,5.3341070697422595
2001-12-19,-5.015822295023355,19.882584736955558,9.125093963348641,4.953205009803329
2001-12-20,-5.8172494047862635,20.44701456540094,8.69057961036315,5.31093377243479
2001-12-21,-4.6820732341426154,21.01055739622045,8.757132080977435,4.886076075655819
2001-12-22,-2.8292107287630426,22.102779605144093,9.338005720457467,4.408366753842893
2001-12-23,-1.054512951759502,20.688479017272147,7.4373024723885734,3.563034487681303
2001-12-24,0.14913241780935738,20.791292149550145,6.619021385677433,2.2311610944263807
2001-12-25,-0.4309812630541954,20.481094450349005,5.870883621046884,1.0091125970602874
2001-12-26,-2.0973296058274657,20.57699834530366,5.913430174509765,-0.5914565133495462
2001-12-27,-1.8009345654632165,21.85160076589092,6.712287786256613,-0.7265491341101635
2001-12-28,-1.1457507492926224,23.258411143580503,6.105552997814163,-2.100887383931509
2001-12-29,-2.556354791817469,23.791131587091744,7.092844523963416,-2.016855100201793
2001-12-30,-1.5476432126460937,22.23053546149002,7.370664258662595,-3.0771787042202443
2001-12-31,-0.2717144570176311,21.514368847308678,6.807464603013857,-3.032467664530514
2002-01-01,-0.6436548926090492,20.484085917226977,5.183245203593522,-2.056000175887359
2002-01-02,0.14898664906739356,19.738012979970897,5.002107335201564,-3.3007289783554024
2002-01-03,-0.09675470451433632,19.54333971908779,4.4925568472928346,-3.6618291403182965
2002-01-04,-0.6498957034259886,18.982600586328413,4.4824129385917235,-3.900134625017703
2002-01-05,-1.2457250459462637,18.804463983967135,4.080178856997668,-4.515266866231701
2002-01-06,-0.06823122107723734,18.200482165463452,5.402874302057558,-2.8284655713593576
2002-01-07,1.047274912453472,18.249973459818992,4.2183048157085326,-1.822498561144395
2002-01-08,0.055135690858099995,20.343708550061955,3.9748818109150026,-1.8434264015658324
2002-01-09,1.1481094788083068,19.059219705886466,4.134259293256474,-3.0418443063770155
2002-01-10,2.6709633089989575,21.382202532105357,6.144835033633546,-2.12870176548996
2002-01-11,1.984440042599016,21.19268407089519,3.920950584424938,-2.915263138949129
2002-01-12,2.7396665588557063,21.687729048376124,3.240045132216202,-2.677626716239076
2002-01-13,2.707136530063838,21.71257172527397,0.4371109487496785,-3.478394421960007
2002-01-14,2.3550180503091354,22.075385930234074,0.8129212398596052,-4.472978849720157
2002-01-15,0.8194427022867468,22.290230491391668,2.0280227549110403,-4.000450955232953
2002-01-16,-1.4573027200044104,23.232499853328363,3.1228967938630134,-3.0470243537348027
2002-01-17,-1.607370286768276,21.827237342609642,3.777197596453136,-3.7730339675073905
2002-01-18,-2.062720169895495,22.423296828956527,6.1993184852829435,-4.572261542983444
2002-01-19,-3.004231726559478,22.279207317520495,6.200192932748381,-4.411455430169902
2002-01-20,-3.288551299427013,21.626083288949154,4.086174274151498,-5.011140200243204
2002-01-21,-3.9902130721763847,20.148002259548058,3.8467259141289816,-5.966565748350018
2002-01-22,-4.277993499755614,20.823007972318166,3.066869998435735,-6.576429101336206
2002-01-23,-4.131007154335279,21.08822425494361,2.4189756661997937,-6.466559546120421
2002-01-24,-4.630032984473413,20.620105531146937,3.0884189942425775,-5.852136586205501
2002-01-25,-3.500809913992053,20.651556077673416,4.037575247963021,-4.730607333792291
2002-01-26,-2.233402489827617,18.97930733649556,3.24497930713542,-5.198670432872102
2002-01-27,-3.4988466920091605,19.077109187035802,4.334430064601859,-5.416179254861995
2002-01-28,-2.8462188103115142,17.2517769288081,5.354433522739806,-3.8551688853840305
2002-01-29,-1.8525925788575508,17.170370854214074,4.0572238069873565,-4.208505285618724
2002-01-30,-1.8153516513045698,17.752263775442803,4.275560705234033,-3.9122456669299486
2002-01-31,-2.75107445682697,18.11767861690963,2.5071118538916055,-3.33532927948481
2002-02-01,-3.9329388994760617,16.849386165129772,2.06366738933485,-4.400311184503563
2002-02-02,-5.217248987652804,16.517711580471545,0.584311319536581,-5.550847669494698
2002-02-03,-6.542661353925882,16.363384165486288,0.49944934427383725,-5.746028570623918
2002-02-04,-6.508065225768419,15.348140508565848,2.033937098668702,-5.735616233573159
2002-02-05,-7.615046090414429,15.639004821723669,2.5638280676489327,-5.462320476020248
2002-02-06,-8.514491531583948,16.297604722937557,2.7332546072780834,-4.846100646128575
2002-02-07,-9.251644209827743,16.16246173979932,3.5267256292623914,-3.133818914796694
2002-02-08,-7.6208131973138,15.60126766757627,5.0966574475769075,-4.68230742988315
2002-02-09,-7.533434496603599,16.132749815855558,4.779362792487383,-4.74536573952834
2002-02-10,-9.825048495284292,18.021826569604354,3.909745703860612,-5.701094395397379
2002-02-11,-11.203444045206687,17.18285694389749,4.0206838248670485,-3.527278897180522
2002-02-12,-10.435315573594783,16.01660656204672,2.598311652247274,-3.3754942043269773
2002-02-13,-11.731534041291134,16.154250456990823,3.0503417217583757,-4.7625568627610075
2002-02-14,-10.785814528635086,15.257429451208134,2.7891116668332674,-5.667862263804552
2002-02-15,-10.984769538374662,15.805493357917832,1.532728535248702,-3.596804840014206
2002-02-16,-10.06087426404393,16.074863078893138,0.6256123060863915,-1.756744385614846
2002-02-17,-11.245395593084924,18.168296296896195,0.8761548130977055,-2.242290717315854
2002-02-18,-11.288014993249705,18.84775226425978,2.06685846338786,-2.708829526699098
2002-02-19,-10.92052031545327,19.870448288650497,3.579691814494466,-3.972022989080253
2002-02-20,-11.149584553952916,20.01648779815619,3.982868582189468,-3.3988859033690586
2002-02-21,-11.56460225759666,19.919626175069304,4.088507674480077,-3.970546917717084
2002-02-22,-10.135255147610502,19.789959051663686,4.979914686704578,-4.650371386855816
2002-02-23,-12.343949963526619,20.47031719809204,5.141636376098619,-4.543167554366987
2002-02-24,-12.93012982011572,21.544639308646705,6.888556912936405,-5.25762907061584
2002-02-25,-13.235815221689727,22.4384454542894,6.869431195512566,-5.494098816241099
2002-02-26,-13.111830988465725,22.703855247227654,6.94364345470703,-6.781414434807568
2002-02-27,-12.774887804565374,22.04706137463626,7.260776924207185,-6.194471041519782
2002-02-28,-12.82276845245156,22.258676247872202,7.246199248345249,-6.1956940726170355
2002-03-01,-13.429132689400213,24.04231561233095,7.544097286997707,-5.824046789824408
2002-03-02,-14.799250553766653,25.840286016891433,6.178903514646824,-7.275151659007394
2002-03-03,-14.46465603617018,27.616837762157232,5.6294610075323845,-8.499826925959308
2002-03-04,-15.687933345439792,27.644281202499787,6.104985594936696,-7.642909138951425
2002-03-05,-16.547585995333215,26.728873028594016,6.0180216961995034,-5.598344688848424
2002-03-06,-16.144244680953385,26.87966203276737,6.529906195742271,-5.262857782005804
2002-03-07,-16.37491700210313,27.53407191513696,7.567910234314669,-3.604041333989956
2002-03-08,-17.14198712056569,27.85603628618654,7.3188626321806405,-2.2808935572410762
2002-03-09,-18.349792843104964,26.678280924157473,9.315936464063697,-3.7186285410913698
2002-03-10,-18.603319752877027,26.831030351174174,7.316527967047593,-4.216474445220883
2002-03-11,-18.76652752536008,27.721150857988725,6.611783209313914,-4.935243706268314
2002-03-12,-19.116934014354765,27.188020657786996,6.456418786974201,-4.844135347681359
2002-03-13,-19.072558298801255,28.37335888902932,7.098430492323294,-4.797065659025825
2002-03-14,-20.321295213665795,28.915264098922393,6.370374315169744,-5.203947555654005
2002-03-15,-19.625176961790967,28.810120237995683,5.964886853413256,-5.738994384038676
2002-03-16,-19.400905418589097,28.858680468901788,5.131240821811311,-3.7515072172907677
2002-03-17,-19.39520844779556,27.695341718504903,5.336744426718805,-3.3871939554749186
2002-03-18,-20.27722022635739,26.05611577722891,5.850662145771166,-2.5344837919178937
2002-03-19,-18.76534267947362,25.057515405083485,6.275784497287146,-2.6610466889485695
2002-03-20,-17.324463246551055,23.162520936213877,8.222058624804301,-2.857884698051892
2002-03-21,-17.840721766691694,22.840116016585505,10.002807738094669,-2.4635691367065347
2002-03-22,-19.094685742320433,23.779191891940034,9.412072045781608,-0.6847398710617663
2002-03-23,-19.740654193057736,23.053416719821378,8.568300475864865,-2.523184094160732
2002-03-24,-19.964206227725583,23.295316655535682,10.116364253041787,0.07841358639477392
2002-03-25,-21.074640851466864,23.218143446688625,10.76362525677677,1.8252265035079918
2002-03-26,-20.484817916127653,20.74216450885723,11.116429905036046,1.9975962432351073
2002-03-27,-20.29938550542518,20.548847837345154,11.603713738678415,2.533067316047841
2002-03-28,-20.08002421014397,22.75950946451504,13.775025036071085,2.8507243294868974
2002-03-29,-21.713123322040833,22.032119793417642,14.335003570193145,3.322311791757123
2002-03-30,-22.94987877392043,22.910085587375022,14.455907989228834,4.201868932586355
2002-03-31,-24.41706268800955,22.766035675189173,14.627104263079957,3.6736905830353654
2002-04-01,-25.815080232967134,22.271689539790206,15.245368492382575,4.384215041841593
2002-04-02,-25.877279284246164,22.725186400649946,14.635418120250018,5.019709462452203
2002-04-03,-27.18541446336421,22.649782205288716,16.220740347525037,4.484663259082511
2002-04-04,-27.823499644638336,23.77044341685601,16.700337004400073,3.6246965551917123
2002-04-05,-27.96952013740133,23.84264515884274,15.251002370687251,5.46792423361843
2002-04-06,-28.004032995874194,24.512266784644826,15.675898275302446,2.7578009582990832
2002-04-07,-30.947586711904915,25.510245250140144,15.216361407012881,1.9246711203435924
2002-04-08,-30.70749082682477,26.363519910896102,18.504333216951053,1.5860099618199128
2002-04-09,-31.41107251163174,25.89667375794862,17.176442683987762,-0.11120563667199423
2002-04-10,-29.773031733612772,26.462305724006818,17.337130183626584,0.4086507908536
2002-04-11,-30.49282660752178,25.534269567191146,17.487347454289633,-0.9159273100669539
2002-04-12,-30.032108233283086,24.330928126753665,16.82887678919333,-0.6961914539246666
2002-04-13,-30.108063613114638,25.063645692868214,16.51306216466605,-0.9460586389855302
2002-04-14,-30.377449532698364,25.930550709286575,17.031689304437034,-2.3334415982514205
2002-04-15,-29.502295711543933,26.802999740488776,16.80772837790446,-0.39631925432284754
2002-04-16,-27.571433445649163,25.923794649532145,17.786179268290216,0.008265624412791439
2002-04-17,-28.462933226954682,25.94087737207431,16.933092539204885,-0.01072888174284705
2002-04-18,-28.901022098541308,26.281211094115612,17.201211475611487,-2.574036890757854
2002-04-19,-27.482544210449937,27.719101128231966,16.535310255955395,-1.3338493465910848
2002-04-20,-26.926607703781738,27.827507713375564,15.682286425800639,-1.855950397042104
2002-04-21,-27.34924156274817,29.042865516994347,15.868584137514347,-2.735417460532084
2002-04-22,-28.365561794376656,29.79827762924506,16.02219288856936,-4.4604264555281965
2002-04-23,-27.026040404729333,30.43407931736865,16.694596419606576,-3.1324786848810575
2002-04-24,-25.793895652211845,29.744538503063605,15.341585436308405,-2.3916251390196788
2002-04-25,-24.875494252565478,29.729410386317003,16.298301737094466,-1.7364108302084507
2002-04-26,-24.573401623861038,29.34249290317239,16.295083031608566,-0.14128813402438434
2002-04-27,-25.258636675304402,30.256926324743585,17.612932231922635,-2.796420505141884
2002-04-28,-25.094602048986957,29.639159667079856,18.578042280084457,-1.2082557451234075
2002-04-29,-25.665171456031942,28.887743745384192,19.656374608228376,-0.9662559455437265
2002-04-30,-25.120690822044654,28.475349422371618,18.81428202915074,-2.294403242838112
2002-05-01,-25.13426436584467,29.680477079155192,20.54571442094544,-2.268327002951579
2002-05-02,-24.18057301532573,30.992874808739703,19.744506220600773,-0.37604242223041195
2002-05-03,-23.927173161441246,29.245919926990528,18.70294164592671,-1.7058543867059504
2002-05-04,-24.77731636965438,30.938081907988373,19.640688138822775,-2.313330535861737
2002-05-05,-24.53252859569434,32.87475663890179,20.603035395446945,-0.32482291269214514
2002-05-06,-24.75467431615928,33.127106925382414,19.18232627306133,1.1358004393216308
2002-05-07,-25.428537225693578,32.36234233373442,18.023516615561867,1.8806328541480881
2002-05-08,-26.557896935088586,31.94068815329018,17.727136035338017,0.9654784285046508
2002-05-09,-27.72005982561303,34.0811908073301,15.137363085183392,0.8021892456432818
2002-05-10,-27.407679292751816,35.249354639775135,16.43250661687984,1.7851394616040714
2002-05-11,-28.024639847965656,35.04869564709978,16.664555730708493,0.7404861632748392
2002-05-12,-25.491657882304988,34.8252217835538,16.354819001568433,-1.1488939682087005
2002-05-13,-25.27054946788225,32.568007611769595,17.17814859951872,-1.4349662988675844
2002-05-14,-25.654095424514303,33.64470240268787,15.536293565864735,-0.9904380800708186
2002-05-15,-25.64371890209482,35.03486068011036,16.28943566748099,-1.0502003414362908
2002-05-16,-26.91017497875765,36.83502267903282,16.006917975412193,-0.974432428246698
2002-05-17,-25.356218638699684,37.617151947989406,15.421688080413087,0.6141705726144503
2002-05-18,-26.250856063529753,39.21543686219528,14.832707045155018,1.5120747735187243
2002-05-19,-29.318392777925123,39.43832132307935,15.312540536285203,1.891015578159888
2002-05-20,-28.74668464625415,38.89463045078372,16.374053192140458,2.302541336609052
2002-05-21,-29.8062636390448,38.714785285988775,17.76144198669067,2.1450487146342683
2002-05-22,-29.569380802314853,39.90637747877972,17.662141189779305,2.3968091425989355
2002-05-23,-28.882505623643425,39.576443536610135,17.29574817886153,2.6814819813762294
2002-05-24,-29.469030543972305,38.055407939763434,15.705457259907645,2.834036914306077
2002-05-25,-28.39182241175778,36.66463891994259,16.571107208196832,4.273666924239876
2002-05-26,-27.734887142095605,37.3525929236734,16.099265556473906,3.724745544946996
2002-05-27,-28.323544422778845,38.5335081142234,16.972769992743167,3.017815543553402
2002-05-28,-28.468976666163147,37.678767188706566,14.867011889044411,3.014702783096791
2002-05-29,-29.107325976277323,36.78375752876472,14.159409627230293,3.158148957812511
2002-05-30,-29.242610247681746,36.54184804743298,14.817110130502071,2.4457725593899555
2002-05-31,-29.33131979042686,37.02642621471887,15.038472541971613,1.368532483022001
2002-06-01,-30.897980872694603,37.81377412849155,15.743286011586408,1.9658218711209312
2002-06-02,-31.05327886722087,38.824323853853635,15.698955346767287,1.6672458699095967
2002-06-03,-31.341807827079627,39.578080065527445,16.446002600978076,1.7585154432724426
2002-06-04,-29.227420201373725,40.009488910817005,16.91386355317874,0.40018352538840896
2002-06-05,-28.093755041275394,41.207392715483344,14.61516879749881,1.457579046903568
2002-06-06,-28.125493121795447,38.842688446304855,13.898931250209722,2.0566837591792213
2002-06-07,-27.066157231975986,39.633224875478994,14.880020394426394,3.9216396343205266
2002-06-08,-27.882578736801342,38.3018119777929,16.23005927833791,2.5718851518992585
2002-06-09,-28.223786300694847,36.684754054150446,16.428584112665657,4.934282074999571
2002-06-10,-26.837801681020387,39.13099388548836,16.79903354379744,4.8926475443406074
2002-06-11,-28.136304352820282,39.247767739668404,17.02655530982235,3.4010553942595045
2002-06-12,-28.315778302096184,36.988327003311596,17.32227971617307,3.332854369663222
2002-06-13,-28.505456748982088,36.847708095949876,18.688706068138046,2.0707800657850104
2002-06-14,-28.312422901973765,36.92897925395857,17.93534575189994,1.5872084078428665
2002-06-15,-29.54455460714134,38.241960683173744,17.161166041075585,1.5329864006132121
2002-06-16,-30.300763520926388,38.30684895144596,16.23578209507225,1.9734805935530226
2002-06-17,-29.012181642881544,40.3221537565138,16.076226566279534,0.6183250050625346
2002-06-18,-29.544322197231768,41.240840342584924,15.521025176173591,-0.2365905647686587
2002-06-19,-28.98766444488301,42.264804024612374,14.96997973104636,0.06709326819390565
2002-06-20,-29.438824700705997,43.011513205955524,15.374675296552883,0.16196437493331267
2002-06-21,-29.486331454815968,42.698397563066315,16.022644578705673,0.5683680814979657
2002-06-22,-30.510615965673377,41.262939758234914,17.135140243453275,0.2173389338515555
2002-06-23,-31.455065740395014,40.1004597205615,17.07200560705459,1.215632818010029
2002-06-24,-32.55534613571347,39.56089058932326,16.83431627886802,1.8206169971425061
2002-06-25,-32.64082115845445,39.62083502688419,15.877026985481388,1.1423407388328153
2002-06-26,-31.85154598780648,39.64887047182345,15.184793457665423,1.4979674404051786
2002-06-27,-30.898063959460593,41.2322272615692,15.404814951230687,0.8860162178675831
2002-06-28,-29.435375302591552,42.551613380578864,15.850187266977295,0.9095425085941388
2002-06-29,-28.209061616339735,42.338812023162234,15.229360369505235,0.6646711972006822
2002-06-30,-27.807768001380914,42.73801872828016,14.87380343267762,0.7573834234009521
2002-07-01,-28.1664273302262,41.46105846295973,15.15896358211955,-0.09733823486889004
2002-07-02,-27.679039389416854,41.45429780559283,14.19680437562691,-0.6024793361952705
2002-07-03,-27.65599457558786,41.28021627094142,12.75416299586751,-0.27463631510086695
2002-07-04,-27.035519278762248,40.613261675122196,14.192081537665072,-0.5722291678741098
2002-07-05,-27.21908025710807,39.506758788516464,13.805760606127969,-1.5930314404116923
2002-07-06,-26.28809113424241,41.54813784597867,13.207155284039942,-0.798167468550569
2002-07-07,-26.326433479420665,41.461219469487794,11.723172059955814,0.3482020253282402
2002-07-08,-26.47418917883854,41.85607061685488,12.517358778206221,0.6095835082203571
2002-07-09,-25.231751109634587,43.662080210722465,11.593240863212156,0.28198818544071425
2002-07-10,-25.01314661609519,43.68214970600681,12.325662105498521,1.2936617648872173
2002-07-11,-25.429967152430528,42.745732862855334,11.600699682872769,1.5450434075959796
2002-07-12,-24.593507600524052,44.29391955199694,11.885349113718439,2.038146148192822
2002-07-13,-26.212769389215005,43.68309576894196,12.285167160187918,2.8697421268221017
2002-07-14,-26.088939312501363,43.47824690036525,10.530393136414844,2.4964544175574974
2002-07-15,-25.80262504579169,43.93716080352906,10.455193103044458,4.43167176610602
2002-07-16,-25.65914197129937,46.029841768206396,11.02026867268019,3.764050711549917
2002-07-17,-24.150748438262717,44.703597720293516,11.21626049772234,3.6681016842436636
2002-07-18,-25.271838094040497,45.52307561543371,11.139544384317402,1.9293313063448179
2002-07-19,-25.17669247863255,45.31638677191814,13.859082353989855,3.735678964228939
2002-07-20,-23.853012853463078,45.51148630816867,14.063688462664057,2.557359961516233
2002-07-21,-24.149774168415373,43.25772471650859,14.202402711364256,2.628335729305619
2002-07-22,-25.110172369218816,44.32516194385847,14.952072969974063,1.6039089938915043
2002-07-23,-25.943385674773364,46.10229533941307,15.943418950330248,1.4012710755991225
2002-07-24,-26.37258060742384,45.579990693609126,15.680920004438988,2.070441416184422
2002-07-25,-26.39181278409592,45.73130048472143,15.723609592735894,2.0457087040305932
2002-07-26,-25.528868112130873,45.664104946329964,13.799541152053068,2.782302384588852
2002-07-27,-26.15701328294735,44.8651976946791,13.291950388442945,1.6486616249617116
2002-07-28,-26.537441034227893,46.462534454416804,13.897271124960234,0.7226725144559183
2002-07-29,-25.659615360929575,44.71809871373226,14.880305413454954,1.243655353001748
2002-07-30,-24.836653622613497,44.91112937367831,15.674973339679035,1.889803565371626
2002-07-31,-24.86248173936206,46.54160493136662,14.459464675324742,1.339342963941311
2002-08-01,-24.92190603161886,47.68991950235547,13.046523117749643,1.8982063119017525
2002-08-02,-26.7882454467268,48.358696310807844,13.208554871230776,3.3709972786207087
2002-08-03,-26.441992209560784,48.0880100337667,12.200387809496135,3.8441713063862903
2002-08-04,-27.83104186251771,46.48040067667051,12.863029128146861,4.333026148429516
2002-08-05,-26.79201783102553,46.809758559394034,13.493810438250364,5.892063015771925
2002-08-06,-29.103091651213134,46.71375371775452,14.099987965439091,5.866438914585286
2002-08-07,-29.48382271995764,46.797849919029254,15.723455554035889,5.559796196295503
2002-08-08,-27.920428285253493,46.43339595904291,15.056467700061335,7.237466985705055
2002-08-09,-26.920603463198685,45.28294646571166,15.840637913286143,6.2177026123359385
2002-08-10,-26.74434136150469,45.11328435218878,15.603315081610178,6.64532775482032
2002-08-11,-26.21465182513004,43.510012760195394,15.180822937031891,4.590348022778088
2002-08-12,-25.450854011646395,41.901943400661466,15.68886494022768,4.400155270125756
2002-08-13,-25.13127483956652,41.263597091079596,15.186089912146654,3.857114241603302
2002-08-14,-22.994798695789225,39.09883384405931,16.923050643217124,3.7374318193156686
2002-08-15,-22.64633072503519,38.221762844554405,17.616871236243075,3.766020101151781
2002-08-16,-20.67999504744415,39.018398533987714,17.622101508158394,3.253868207680161
2002-08-17,-19.8079457784605,38.79310741515575,17.020069984037395,3.338845522441009
2002-08-18,-19.86119699593267,38.86762472113211,17.130395162992148,2.287019080396597
2002-08-19,-19.2826354988517,38.20947475833147,19.200569166403735,1.1502002462534284
2002-08-20,-19.14878354214891,39.03149480360421,19.823655824283595,-0.0001940902778236886
2002-08-21,-17.84203092611192,36.89642135067879,19.66720652360074,0.21797279478821344
2002-08-22,-17.954913662489204,37.592022761109185,20.54021447188637,0.941624845527872
2002-08-23,-18.186204612571895,39.11673501544127,20.44285163697589,3.015046035368961
2002-08-24,-18.861433005778753,39.736583598672226,21.27786951542385,3.834412175387219
2002-08-25,-18.94802773815245,38.3356844521478,21.63563171621869,3.7232829957297175
2002-08-26,-19.240699696115886,37.28265817490956,22.198069964679657,4.425554959079232
2002-08-27,-19.529455963543263,39.064380288256814,20.71308408697762,4.407355545105724
2002-08-28,-20.407934579138217,37.918270173217735,20.531283412908973,4.098667883302279
2002-08-29,-20.671840662517578,37.168720227211786,19.291752346227465,2.9298863712341796
2002-08-30,-20.516753969120373,38.704497927666424,18.999510856569515,2.3851278263264497
2002-08-31,-20.46097806921726,38.478186504471594,17.814772758899345,1.2824904051687327
2002-09-01,-20.713527074295584,38.54294373901599,16.662610945134674,1.3401923436025598
2002-09-02,-19.444135004247517,38.895678510610146,16.43397550928638,3.584796535416766
2002-09-03,-19.543213174814678,38.4208274574995,14.607272082051619,3.785324647832137
2002-09-04,-20.601981248402147,38.75828678040193,13.480077449702625,3.8867601228840956
2002-09-05,-19.590074859687594,37.76065867774087,12.63407982212896,4.321060447613393
2002-09-06,-21.192256405491236,37.829506892501776,12.770815007764549,3.7466445773104744
2002-09-07,-22.0661689137468,38.45863981174593,13.45456951698526,5.221394036850925
2002-09-08,-21.52778012884607,38.274504584837814,11.749203826671646,5.549458270510115
2002-09-09,-21.659898921415603,40.07738448360669,11.278880765968028,5.86491873854943
2002-09-10,-21.768643290270905,39.22058087903893,10.773825060507027,6.740542422417398
2002-09-11,-23.756839420082976,39.39754134593523,11.212420767516518,5.977279738518552
2002-09-12,-24.763134186105987,39.26299276162712,10.33393335744918,6.3195030965102
2002-09-13,-24.271553254089334,38.90966396011004,10.555410485878507,6.95448510798066
2002-09-14,-24.582901859591537,40.096566060426866,10.466948113028012,6.087836465295329
2002-09-15,-25.60405221427421,40.50466214166679,9.208375172024487,5.113562246264902
2002-09-16,-25.765304155956944,39.72590649146485,9.29401386302739,3.343280576912106
2002-09-17,-25.06054432401635,40.230950628527815,8.913088017859195,3.4809355246284444
2002-09-18,-23.43932949473665,39.309414419146705,8.72061996274713,2.5209483871230796
2002-09-19,-23.161984595033697,38.741358321088725,9.47783024615709,1.077457706881702
2002-09-20,-25.732030450944368,38.417795368937114,8.703874856564408,1.9776242221184446
2002-09-21,-25.590210589008016,38.14562791656511,8.907423232441252,3.265663739954948
2002-09-22,-25.62948201689918,38.56449860392218,10.275064943282636,3.0323277332267713
2002-09-23,-26.957252189217666,39.275998507662024,10.007010771553151,3.9944444858832626
2002-09-24,-27.368683175954533,40.23614641621498,11.09684173537754,5.665191344276327
2002-09-25,-28.342504676712263,39.505877458760196,11.7794603469867,3.455692538091797
2002-09-26,-28.751362519246488,41.609759127600626,12.766222848091386,5.337837668121142
